{"white_tile": {"position": {"x": 0.9721649807820156, "y": -1.2898651997285835, "z": 0.0}, "orientation": {"x": 0.0, "y": 0.0, "z": 0.6897947340962175, "w": -0.7240049894946364}}, "arena_exit": {"position": {"x": 1.4056197858320458, "y": -0.015924905467920025, "z": 0.0}, "orientation": {"x": 0.0, "y": 0.0, "z": 0.33604819420720405, "w": 0.9418447914439392}}, "east_door": {"position": {"x": 0.7515624671159927, "y": 2.445368687618739, "z": 0.0}, "orientation": {"x": 0.0, "y": 0.0, "z": 0.813743777486308, "w": 0.5812237646572226}}, "arena_enter": {"position": {"x": 1.4039544936816313, "y": -0.23205273130458015, "z": 0.0}, "orientation": {"x": 0.0, "y": 0.0, "z": 0.9758032840658598, "w": -0.21865029340543524}}, "home": {"position": {"x": -1.3614879298509779, "y": -0.07433647021631573, "z": 0.0}, "orientation": {"x": 0.0, "y": 0.0, "z": 0.9597593542531528, "w": -0.2808237559815244}}, "trees": {"position": {"x": -0.7163973449349997, "y": 0.8170807914897235, "z": 0.0}, "orientation": {"x": 0.0, "y": 0.0, "z": 0.4348905582898709, "w": 0.9004833159533407}}}