{"white_tile": {"position": {"x": 0.9721649807820156, "y": -1.2898651997285835, "z": 0.0}, "orientation": {"x": 0.0, "y": 0.0, "z": 0.6897947340962175, "w": -0.7240049894946364}}}